ID,damon,ratan,shikhar,Category
140707070135296,Inform,Inform,Inform,Inform
1468073206631424,"Inform,Connect","Inform,Not Political","Inform,Connect","Inform,Connect"
1973034292771842,Inform,Inform,Inform,Inform
1826638557631491,Commercial,Not Political,"Inform,Connect",
187993745381382,Inform,Inform,Not Political,Inform
189195621742602,"Inform,Move",Inform,Not Political,Inform
1110468549106700,Commercial,Inform,Commercial,Commercial
1903319743293454,"Inform,Connect",Connect,Connect,Connect
1758735610877969,Not Political,Not Political,Not Political,Not Political
1209660505842708,Inform,Move,Connect,
1742741892472494,Inform,Inform,Inform,Inform
1008492569275414,"Inform,Connect",Connect,Connect,Connect
1810933539214359,Inform,"Inform,Commercial",Not Political,Inform
1722769481094169,Inform,"Inform,Connect","Inform,Connect","Inform,Connect"
164421631010843,Inform,Move,"Inform,Connect",Inform
173452643295066,Inform,Inform,"Inform,Move",Inform
176645482998381,Inform,Connect,"Inform,Move",Inform
1923210374356000,"Inform,Connect","Inform,Connect","Inform,Connect","Inform,Connect"
186261255393315,Inform,Inform,Inform,Inform
1814096832231461,Not Political,Not Political,Not Political,Not Political
1689771231072296,Inform,Move,"Inform,Connect",Inform
1095040787300395,"Inform,Connect",Commercial,Connect,Connect
184012678913070,"Inform,Connect",Connect,"Inform,Connect","Inform,Connect"
1802349296545840,Inform,Commercial,"Inform,Connect",Inform
1856658571051059,"Inform,Connect","Inform,Connect","Inform,Connect","Inform,Connect"
1029676890522677,Commercial,Commercial,Not Political,Commercial
1786531908052022,"Inform,Connect",Connect,"Inform,Connect","Inform,Connect"
1411841782294585,Inform,Inform,Inform,Inform
194222621243413,"Donate,Inform",Donate,"Donate,Inform","Inform,Donate"
1936428123314018,Inform,Inform,Inform,Inform
174701413400639,Inform,Inform,"Inform,Connect",Inform
186293592205376,"Inform,Move",Move,"Inform,Connect","Move,Inform"
1822675971127590,Inform,Inform,Inform,Inform
1875556079150789,"Inform,Connect",Connect,"Inform,Connect","Inform,Connect"
1889601361337415,"Inform,Connect","Inform,Connect","Inform,Connect","Inform,Connect"
1874918122809416,Inform,Inform,Not Political,Inform
140267073510473,Inform,Inform,Inform,Inform
1751800261593954,Commercial,Not Political,"Inform,Connect",
1977225392590926,"Inform,Connect","Inform,Connect","Inform,Connect","Inform,Connect"
1381969395280978,Inform,Inform,Inform,Inform
1687579694691413,Inform,Inform,Inform,Inform
169296587277156,Inform,Inform,Inform,Inform
1673936296059994,"Inform,Connect",Connect,"Inform,Connect","Inform,Connect"
174441676757085,"Donate,Inform",Donate,"Donate,Inform","Inform,Donate"
1019365581546612,Inform,Inform,Inform,Inform
1802524236460156,Inform,Inform,Inform,Inform
180128699519077,Commercial,Not Political,Commercial,Commercial
174925623368807,Commercial,Commercial,"Commercial,Not Political",Commercial
1977074529031272,Inform,Inform,Not Political,Inform
181711852687465,Inform,Inform,Inform,Inform
1635182503274002,"Inform,Connect",Connect,"Inform,Connect","Inform,Connect"
192203218163822,Inform,Connect,"Inform,Connect","Inform,Connect"
1470848893059183,"Donate,Inform",Donate,"Donate,Connect",Donate
1857970897630320,Inform,Inform,Inform,Inform
1564735593653779,Inform,Inform,Inform,Inform
170014120347764,"Inform,Move",Move,"Inform,Move","Move,Inform"
1707093969345957,Inform,Inform,Inform,Inform
1701129359969399,Inform,Inform,Not Political,Inform
1195449813930004,"Inform,Move",Connect,"Inform,Connect","Inform,Connect"
177018779651263,Commercial,Not Political,"Inform,Connect",
187874581787772,Inform,Inform,Inform,Inform
1791088187579638,"Inform,Connect",Connect,"Inform,Connect","Inform,Connect"
194470624596097,Inform,"Inform,Connect","Inform,Connect","Inform,Connect"
1883831401661767,"Inform,Move",Move,Move,Move
1002609869920390,Inform,Inform,Inform,Inform
1344312472379529,"Inform,Move",Move,"Inform,Move","Move,Inform"
157166595134604,Inform,Inform,Inform,Inform
1794803380611215,"Inform,Connect","Connect,Move","Inform,Connect","Inform,Connect"
177324226282640,Inform,Inform,Inform,Inform
184085305640082,Inform,Connect,"Inform,Connect","Inform,Connect"
173022116873365,Commercial,Commercial,"Inform,Connect",Commercial
136188483819673,"Donate,Inform",Donate,"Donate,Inform","Inform,Donate"
1604664166313114,Inform,Inform,"Inform,Connect",Inform
185601065453253,"Inform,Connect",Connect,"Inform,Connect","Inform,Connect"
1826714457630235,"Inform,Connect",Connect,"Inform,Connect","Inform,Connect"
1185292564947108,Inform,"Inform,Connect",Inform,Inform
170662680267943,Inform,Connect,Not Political,
1812476708773032,"Inform,Connect",Inform,"Inform,Connect","Inform,Connect"
1737050493043881,"Inform,Connect",Connect,"Inform,Connect","Inform,Connect"
1504257063011498,"Inform,Move",Move,"Inform,Move","Move,Inform"
194834411166127,-,-,Commercial,
1854818081304750,"Inform,Connect","Inform,Connect","Inform,Connect","Inform,Connect"
181289522556081,Commercial,Not Political,Commercial,Commercial
1939332006356852,Commercial,Not Political,"Connect,Commercial,Not Political","Commercial,Not Political"
159071178300607,Inform,"Inform,Connect,Inform","Inform,Connect","Inform,Connect"
135815997289665,Inform,Inform,Not Political,Inform
1683708795082950,"Inform,Move",Move,"Inform,Connect","Move,Inform"
1822590641383623,Inform,Inform,Not Political,Inform
165883700924616,Connect,"Connect,Move",Connect,Connect
1027760047375566,-,-,"Donate,Inform",
1791959694225615,Inform,"Inform,Commercial",Inform,Inform
1795292543887569,"Inform,Connect",Connect,"Inform,Connect","Inform,Connect"
1820898834884233,Commercial,"Commercial,Not Political",Commercial,Commercial
1852842174805203,"Inform,Connect",Connect,"Inform,Connect","Inform,Connect"
1875334319189635,"Inform,Connect",Connect,"Inform,Connect","Inform,Connect"
1789637927768338,Inform,Inform,Inform,Inform
181837605813465,Not Political,Not Political,"Commercial,Not Political",Not Political
1014599292049626,Inform,Inform,Inform,Inform
179230152754396,Inform,Inform,"Inform,Connect",Inform
142502933284061,Commercial,Commercial,Commercial,Commercial
185901948919845,"Inform,Connect",Not Political,"Inform,Connect,Commercial","Inform,Connect"
1820529811577060,"Inform,Connect",Connect,"Inform,Connect","Inform,Connect"
196959227617510,"Inform,Connect","Inform,Connect",Inform,"Inform,Connect"
161255718075627,Inform,Inform,"Inform,Connect",Inform
1861393514164461,Inform,Inform,Inform,Inform
183626155634001,Inform,Inform,"Inform,Connect",Inform
1749086175184765,Inform,Inform,"Inform,Connect",Inform
1503502886427889,"Donate,Inform",Donate,"Donate,Inform","Inform,Donate"
178599843010802,"Inform,Connect","Connect,Move","Inform,Connect","Inform,Connect"
1900063516712179,"Inform,Connect",Connect,"Inform,Connect","Inform,Connect"
1735921806485749,Inform,"Inform,Connect",Inform,Inform
1095702960568566,Inform,Inform,Inform,Inform
194812537872631,-,-,Inform,
178087876213631,Not Political,Not Political,Not Political,Not Political
169649563703548,Inform,Connect,Not Political,
193419338178270,Inform,Inform,Inform,Inform
1800539066669313,"Inform,Move",Inform,"Inform,Connect",Inform
191220781507843,"Inform,Connect,Move","Connect,Move","Inform,Connect,Move","Move,Inform,Connect"
178518692991238,"Inform,Connect",Connect,"Inform,Connect","Inform,Connect"
1762022633876743,Inform,Inform,"Donate,Inform,Connect",Inform
1736596276429064,Inform,Connect,"Inform,Connect","Inform,Connect"
165417887656201,Inform,"Commercial,Not Political",Inform,Inform
1523081651133714,"Inform,Connect",Move,"Inform,Connect","Inform,Connect"
1340422706091276,Inform,"Inform,Move",Inform,Inform
1117072998444306,"Inform,Connect",Not Political,"Inform,Connect","Inform,Connect"
176747736348547,Inform,Inform,"Inform,Inform,Connect",Inform
1143088185830676,"Inform,Move",Move,"Inform,Move","Move,Inform"
1064876620333102,"Inform,Connect",Move,"Inform,Connect","Inform,Connect"
162464021292310,"Inform,Connect",Connect,"Inform,Connect","Inform,Connect"
1652015921587417,Commercial,Inform,"Inform,Connect",Inform
1343462479130906,Inform,Connect,Inform,Inform
1647543112011035,Inform,"Inform,Connect","Inform,Connect","Inform,Connect"
176761959680284,"Inform,Move",Inform,-,Inform
167038794168026,Inform,Inform,Inform,Inform
1962173333806366,Inform,Not Political,"Inform,Connect,Not Political","Inform,Not Political"
146065389593648,"Donate,Inform",Donate,"Donate,Inform","Inform,Donate"
143644889836834,Commercial,Not Political,Commercial,Commercial
1718983808196900,Inform,Inform,Inform,Inform
1769303753166214,Inform,Inform,Inform,Inform
1711027198993702,"Inform,Connect","Inform,Connect","Inform,Connect","Inform,Connect"
1672278109547815,Commercial,Not Political,"Inform,Connect",
185652525451560,"Donate,Inform,Move","Inform,Move","Inform,Commercial","Inform,Move"
170074116997417,"Inform,Connect","Inform,Move","Inform,Connect","Inform,Connect"
1888109698152839,Inform,Inform,Inform,Inform
1366835756783917,"Inform,Connect",Connect,"Inform,Connect","Inform,Connect"
1914632595494191,"Inform,Connect",Connect,"Inform,Connect","Inform,Connect"
1895632567401776,Inform,Inform,Inform,Inform
1856902737712252,Inform,Move,"Inform,Move","Move,Inform"
188924174980403,"Inform,Move",Move,"Inform,Connect","Move,Inform"
173462673333556,Inform,Inform,Inform,Inform
145241146194229,Inform,Inform,Inform,Inform
185384618847544,Inform,Inform,Inform,Inform
1826454907657529,Inform,"Inform,Connect","Inform,Connect","Inform,Connect"
1020042424827194,Commercial,Commercial,Not Political,Commercial
1706913186058556,"Inform,Connect",Connect,"Inform,Connect","Inform,Connect"
1674907139223434,Inform,Inform,Inform,Inform
1796879177286979,"Inform,Connect","Inform,Connect","Inform,Connect","Inform,Connect"
1707234536041796,Inform,Inform,Inform,Inform
1584330478360630,Not Political,"Commercial,Not Political",Not Political,Not Political
178805199465798,Inform,Inform,"Inform,Connect",Inform
1731855343598919,"Donate,Inform","Inform,Move",Inform,Inform
1699473653493064,Inform,Inform,"Inform,Connect",Inform
1062101023954251,"Inform,Connect",Connect,Connect,Connect
1690720877644535,Not Political,"Commercial,Not Political",Not Political,Not Political
1839823402988880,Inform,Inform,Inform,Inform
1097533527071288,Inform,Inform,Not Political,Inform
196482977737042,Inform,Inform,Inform,Inform
1254438391360227,"Inform,Connect",Connect,"Inform,Connect","Inform,Connect"
1507246512714068,"Inform,Move",Move,"Inform,Move","Move,Inform"
1665279996853591,"Donate,Inform",Donate,"Donate,Inform","Inform,Donate"
1301640516605272,Inform,Inform,"Inform,Move",Inform
177230766325541,"Inform,Connect",Connect,"Inform,Connect","Inform,Connect"
170536490448219,"Inform,Connect",Connect,"Inform,Connect","Inform,Connect"
180634612613468,"Donate,Inform,Move",Move,Inform,"Move,Inform"
193113021524317,Inform,Connect,"Inform,Connect","Inform,Connect"
1159535147519327,Inform,"Inform,Commercial",Inform,Inform
180706125982052,Inform,Connect,"Inform,Connect","Inform,Connect"
1712225982196069,"Inform,Connect",Connect,"Inform,Connect","Inform,Connect"
189473528284519,Inform,Inform,Not Political,Inform
169019913949545,Inform,Inform,Inform,Inform
197717694259943,Commercial,"Inform,Not Political","Inform,Connect",Inform
1579644782165357,Inform,Move,Inform,Inform
1470897526344047,Inform,Inform,Inform,Inform
1729233413835819,"Inform,Connect",Connect,"Inform,Connect","Inform,Connect"
179045316092307,"Donate,Inform",Donate,"Donate,Inform","Inform,Donate"
1684535811630454,Inform,Inform,Inform,Inform
1048988208607607,Inform,Commercial,Inform,Inform
1584710531656059,"Inform,Connect",Connect,"Inform,Connect","Inform,Connect"
1752719734777215,Not Political,Inform,Not Political,Not Political
194630951247233,Inform,Inform,-,Inform
1179468775527295,Commercial,"Move,Commercial",Commercial,Commercial
1944474338906990,-,-,"Inform,Move",
1537642183030150,Inform,Inform,Inform,Inform
1531353533659168,Commercial,Commercial,Not Political,Commercial
1928147557476744,"Inform,Connect",Connect,"Inform,Connect","Inform,Connect"
1093778317438348,Inform,Inform,Inform,Inform
1258879554247053,Inform,Inform,Inform,Inform
1010864705748371,Inform,Inform,Inform,Inform
1792315324160404,Inform,Not Political,"Inform,Connect",Inform
1858037391166869,Inform,"Inform,Connect","Inform,Connect","Inform,Connect"
1926922840661927,Inform,Inform,Inform,Inform
1064250447058328,Inform,Inform,Inform,Inform
1669979383125402,Inform,Inform,"Inform,Connect",Inform
1394409040702875,Inform,Inform,Inform,Inform
1696869407093146,Inform,Inform,Inform,Inform
1550281491765663,Not Political,Commercial,"Inform,Connect,Commercial",Commercial
197288211122592,Commercial,Not Political,"Inform,Connect",
1926383654089456,Inform,Inform,Inform,Inform
1817960861574563,"Inform,Move",Move,"Inform,Move","Move,Inform"
1435009103309221,Inform,"Inform,Connect",Inform,Inform
1789116397835767,Inform,"Inform,Connect","Inform,Connect","Inform,Connect"
194201457892778,Inform,Commercial,Inform,Inform
1790934117640263,Inform,Inform,Not Political,Inform
175618286440877,"Inform,Connect",Connect,"Inform,Connect","Inform,Connect"
176281146556846,Commercial,"Commercial,Not Political","Inform,Commercial",Commercial
182571749250461,Inform,Inform,Not Political,Inform
160801988106672,Inform,"Inform,Move","Inform,Connect",Inform
1163568443785649,Inform,Connect,Inform,Inform
1619133858194869,Inform,Inform,Not Political,Inform
1049682538513993,"Inform,Connect,Move","Connect,Move",Connect,"Move,Connect"
1199814400160193,"Inform,Move",Move,"Inform,Move","Move,Inform"
1600068800119235,Inform,-,Not Political,
1865495153748420,Inform,Inform,Inform,Inform
177686499761398,Commercial,Inform,Commercial,Commercial
177072096462278,Inform,Inform,Inform,Inform
1677325885649351,"Inform,Connect",Connect,"Inform,Connect","Inform,Connect"
1382265148570056,"Inform,Move","Inform,Move","Inform,Move","Inform,Move"
192929031544265,"Inform,Connect",Connect,Inform,"Inform,Connect"
1787257781339594,Inform,Inform,Inform,Inform
1485602571545035,"Inform,Connect",Connect,"Inform,Connect","Inform,Connect"
1840892546217421,"Inform,Connect",Connect,"Inform,Connect","Inform,Connect"
1804721286273487,Inform,-,Inform,Inform
166680410668498,"Inform,Move","Inform,Connect","Inform,Connect","Inform,Connect"
1452020118232532,Commercial,Move,"Inform,Connect",
127336208071129,"Inform,Move",Move,"Inform,Connect,Move","Move,Inform"
1971646249553373,Inform,Inform,Inform,Inform
1283603748436378,Inform,Inform,Inform,Inform
1171032829705695,"Inform,Move",Not Political,Inform,Inform
1742277552474594,Inform,Connect,"Inform,Connect","Inform,Connect"
1743676392388067,Inform,Inform,Inform,Inform
110113826519524,Inform,Inform,Inform,Inform
1733524033360361,"Inform,Connect",Connect,"Inform,Connect","Inform,Connect"
1715132898602475,Inform,Move,Inform,Inform
1690810121033197,"Move,Commercial","Inform,Not Political","Inform,Move","Inform,Move"
174003203290606,"Inform,Connect",Connect,"Inform,Connect","Inform,Connect"
1830363997052401,Inform,Inform,Not Political,Inform
1723449627744754,Not Political,Inform,Inform,Inform
1199334900206067,"Inform,Connect",Connect,"Inform,Connect","Inform,Connect"
140208533414388,Commercial,Move,Inform,
187697991899637,"Inform,Move",Inform,Commercial,Inform
1720530668002807,Inform,Inform,Inform,Inform
1668474693207548,Inform,Inform,Inform,Inform
1877972488919554,Inform,Inform,Not Political,Inform
1746777592105476,Inform,Inform,Inform,Inform
185779102278153,"Inform,Connect",Connect,"Inform,Connect","Inform,Connect"
1876571802382170,Inform,Inform,Not Political,Inform
196809174357518,"Inform,Move",Move,"Inform,Move","Move,Inform"
192231134771727,Inform,Inform,Inform,Inform
1484117221694994,"Inform,Connect",Connect,"Inform,Connect","Inform,Connect"
150840825785875,Inform,Inform,Not Political,Inform
1047795825379548,-,-,"Donate,Inform,Move",
1913608585329173,Commercial,Inform,Commercial,Commercial
1769244223162903,"Inform,Connect","Connect,Commercial","Inform,Connect","Inform,Connect"
109084243279384,Inform,Inform,Inform,Inform
194229524744729,"Donate,Inform","Donate,Inform","Donate,Inform","Inform,Donate"
176605753178166,"Donate,Inform",Donate,"Donate,Inform","Inform,Donate"
173454983331356,Inform,Inform,Inform,Inform
176110059745821,"Inform,Connect",Connect,"Inform,Connect","Inform,Connect"
176808026507808,Inform,Connect,"Inform,Connect","Inform,Connect"
181259929261488,Inform,Connect,"Inform,Connect","Inform,Connect"
1348471648622115,Commercial,Commercial,"Inform,Connect",Commercial
182885939082789,Inform,Inform,Inform,Inform
184847719053588,Commercial,"Inform,Commercial",Commercial,Commercial
1544400465665457,Commercial,Commercial,"Inform,Connect",Commercial
1660205584058920,Inform,Inform,Not Political,Inform
174991756676649,"Inform,Connect",Connect,"Inform,Connect","Inform,Connect"
1418097394956842,Inform,"Inform,Connect",Inform,Inform
181642662671623,Not Political,Not Political,Not Political,Not Political
1585473225085489,Inform,Inform,Inform,Inform
193033338079794,"Inform,Connect,Move","Connect,Move","Inform,Connect","Move,Inform,Connect"
158333188356659,Inform,Move,"Inform,Connect",Inform
194657837844021,-,-,Inform,
192537501450806,Commercial,"Commercial,Not Political","Commercial,Not Political","Commercial,Not Political"
167032784145976,Inform,"Inform,Commercial",Inform,Inform
187936865191483,Inform,Connect,"Inform,Connect","Inform,Connect"
144770109718076,Inform,Inform,"Inform,Connect",Inform
190912308273726,Inform,Inform,Inform,Inform
1826770260950592,Inform,Connect,"Inform,Connect","Inform,Connect"
1027304080777793,"Donate,Inform",Donate,Donate,Donate
189909708396098,"Inform,Connect",Connect,"Inform,Connect","Inform,Connect"
191335364915779,Inform,Inform,Not Political,Inform
197171934310983,Inform,Inform,Inform,Inform
1587189471392329,Inform,Inform,Inform,Inform
1890336357935690,Inform,Inform,Inform,Inform
1860216444286543,Commercial,Not Political,Commercial,Commercial
188966298440272,Inform,Not Political,Inform,Inform
1014858125337170,"Inform,Connect",Connect,"Inform,Connect","Inform,Connect"
180634745925997,"Donate,Inform",Donate,"Donate,Inform","Inform,Donate"
1889039874486874,Inform,Move,"Inform,Connect",Inform
140176010139227,"Inform,Connect",Connect,"Inform,Connect","Inform,Connect"
1626735614118495,"Donate,Inform",Donate,"Donate,Inform","Inform,Donate"
182287255956065,Inform,Inform,Inform,Inform
1269156259886691,Connect,Connect,"Inform,Connect",Connect
1942888305742438,Inform,Inform,Inform,Inform
1850892828539500,"Inform,Move","Inform,Move",Not Political,"Inform,Move"
1765600423520877,Inform,Inform,Not Political,Inform
1689994381113967,Inform,Inform,Inform,Inform
1730708287006824,"Inform,Connect",Connect,"Inform,Connect","Inform,Connect"
1879533732110099,Inform,Inform,Inform,Inform
193848574634612,"Inform,Connect",Connect,"Inform,Connect","Inform,Connect"
139924353542774,Inform,Connect,"Inform,Connect","Inform,Connect"
164967161028884,"Inform,Move",Connect,"Inform,Connect","Inform,Connect"
1926330967667328,"Move,Commercial",Not Political,Commercial,Commercial
1950102681681191,-,-,"Inform,Connect",
1719160821507715,Inform,Inform,"Inform,Connect",Inform
1692747000761989,Inform,Inform,Inform,Inform
1904911172904583,Inform,Inform,Inform,Inform
1559417970829960,"Inform,Connect",Connect,"Inform,Connect","Inform,Connect"
198687304114825,-,Donate,-,
1090254941112974,Inform,Inform,Inform,Inform
1418374031641197,Inform,Inform,Inform,Inform
171603050184336,Inform,Inform,Inform,Inform
1667090646721169,"Inform,Move","Inform,Move","Inform,Move","Inform,Move"
1362961217181330,Commercial,Inform,Not Political,
1120780434727573,Inform,Inform,Inform,Inform
193264871360151,"Inform,Move",Move,"Inform,Move","Move,Inform"
146375562891931,Inform,Inform,Inform,Inform
1829184737391045,Inform,Inform,Inform,Inform
148603192523425,Inform,Inform,"Inform,Not Political",Inform
1929014207129253,Inform,Inform,Connect,Inform
1769802396418633,Inform,Inform,Inform,Inform
1739618679458471,"Inform,Move",Move,"Inform,Move","Move,Inform"
1874066006227228,Inform,Inform,Inform,Inform
1672185226235562,Commercial,Commercial,"Commercial,Not Political",Commercial
1005012966332979,-,-,"Inform,Connect",
1856576197978797,Inform,Inform,Inform,Inform
1300998123366062,Inform,Inform,Not Political,Inform
1832441810394799,Inform,Not Political,Inform,Inform
185107859004967,Inform,Inform,Inform,Inform
1886017268117175,Inform,Not Political,"Inform,Connect",Inform
1145881348886644,"Donate,Inform",Move,"Donate,Inform","Inform,Donate"
1814156225341215,Inform,Not Political,"Inform,Not Political","Inform,Not Political"
1900903876875381,"Donate,Inform,Move","Donate,Connect","Donate,Inform","Inform,Donate"
195029528000971,-,-,"Inform,Connect,Move",
1657550710980293,Inform,Inform,Inform,Inform
1843493982622643,Inform,Move,"Connect,Not Political",
1405478829554167,Inform,Inform,Inform,Inform
1967156106642122,"Donate,Inform",Donate,"Donate,Inform","Inform,Donate"
181883799197388,Commercial,Commercial,Commercial,Commercial
1624886177622733,Inform,Inform,Inform,Inform
1812756482147022,"Donate,Inform","Donate,Inform","Donate,Inform,Connect","Inform,Donate"
116613769193093,"Inform,Connect",Connect,"Inform,Connect","Inform,Connect"
1835111003460306,Commercial,Not Political,Commercial,Commercial
1284236135012052,Inform,Connect,"Inform,Connect","Inform,Connect"
180049846009560,"Inform,Connect",Connect,"Inform,Connect","Inform,Connect"
1628114627310298,"Inform,Connect",Connect,"Inform,Connect","Inform,Connect"
1634498096677596,"Inform,Connect",Connect,"Inform,Connect","Inform,Connect"
1850864315209438,"Donate,Inform",Commercial,Commercial,Commercial
150437535650527,Inform,Inform,"Inform,Connect",Inform
1778674818859744,"Inform,Connect",Connect,"Inform,Connect","Inform,Connect"
120988238717665,Not Political,Inform,Not Political,Not Political
193594828143331,Inform,Inform,Inform,Inform
1676412625810148,Not Political,Not Political,Not Political,Not Political
1731758893611814,"Donate,Inform",Donate,"Donate,Inform","Inform,Donate"
1013214668828390,Inform,Inform,Not Political,Inform
192236508156647,"Inform,Move",Move,"Inform,Connect,Move","Move,Inform"
1276264022509289,"Donate,Inform","Inform,Move","Donate,Inform","Inform,Donate"
1746684855438631,Not Political,Not Political,Inform,Not Political
1786907064697300,Inform,Donate,"Donate,Inform","Inform,Donate"
1828621627175890,"Inform,Connect",Connect,"Inform,Connect","Inform,Connect"
1882630655362799,"Inform,Commercial","Commercial,Not Political",Not Political,"Commercial,Not Political"
1494773170669296,Inform,Inform,Inform,Inform
154154255442674,"Inform,Connect",Move,"Inform,Connect","Inform,Connect"
174609336541940,Commercial,"Commercial,Not Political",Commercial,Commercial
1798503433791222,Inform,Commercial,Inform,Inform
1092435060912425,Inform,Inform,Not Political,Inform
1657589504355284,Commercial,"Commercial,Not Political",Commercial,Commercial
1809627419154472,Inform,Inform,Inform,Inform
166381214236413,"Donate,Inform",Donate,"Donate,Inform,Connect","Inform,Donate"
1062507683904255,-,-,Inform,
1047980598689540,"Donate,Inform",Donate,"Donate,Inform","Inform,Donate"
1928297993897734,Commercial,Not Political,"Commercial,Not Political","Commercial,Not Political"
156290165246081,Inform,Inform,Inform,Inform
1066954443468552,"Inform,Connect","Inform,Move",Inform,Inform
1718484148240139,"Inform,Move",Inform,"Inform,Connect,Move","Inform,Move"
1025249160990477,"Inform,Connect",Connect,Connect,Connect
1678997112220431,Inform,Inform,Inform,Inform
1915894988708141,"Inform,Connect","Connect,Not Political","Inform,Connect","Inform,Connect"
1010749099079640,Inform,Inform,Inform,Inform
1335713289893651,Inform,Inform,Inform,Inform
1789012164494101,Inform,Inform,Inform,Inform
183136222386966,Inform,Inform,Inform,Inform
1792770294135257,"Inform,Connect",Connect,"Inform,Connect","Inform,Connect"
1983761748330265,"Inform,Move",Move,"Inform,Connect,Move","Move,Inform"
193587218151195,"Inform,Connect",Connect,"Inform,Connect","Inform,Connect"
1624531640928028,Commercial,Not Political,Commercial,Commercial
1978900482140957,Inform,Inform,Not Political,Inform
1873585535997273,Inform,Inform,Inform,Inform
1965427437035141,"Inform,Move",Inform,"Inform,Connect",Inform
1092105250954017,"Inform,Connect",Move,"Inform,Connect","Inform,Connect"
193073398217892,"Inform,Move",Move,"Inform,Connect","Move,Inform"
175296759850788,"Inform,Connect",Connect,"Inform,Connect","Inform,Connect"
1546934252084005,Not Political,Inform,Not Political,Not Political
1012328898932518,Inform,Donate,"Donate,Inform,Connect","Inform,Donate"
1247999461998375,"Inform,Connect","Connect,Not Political",Not Political,"Not Political,Connect"
1920086284697729,"Inform,Move","Donate,Connect","Donate,Inform,Connect","Inform,Connect,Donate"
1858373184468956,"Inform,Move",Inform,"Inform,Connect",Inform
195293417793324,Inform,Inform,Inform,Inform
1878207292241709,Commercial,Not Political,Commercial,Commercial
146497619541806,Inform,Inform,"Inform,Connect",Inform
1985439574862643,Inform,Inform,Inform,Inform
184801738870580,"Inform,Connect",Connect,"Inform,Connect","Inform,Connect"
1949034708494165,Inform,Inform,Inform,Inform
1729555743801143,"Inform,Move",Move,"Inform,Move","Move,Inform"
184242632266943,Inform,Inform,Inform,Inform
1582216451904316,Inform,Inform,Inform,Inform
1913154875383614,Commercial,"Inform,Not Political",Not Political,Not Political
1511737118971713,"Inform,Connect",Connect,"Inform,Connect","Inform,Connect"
167623377240902,"Inform,Connect",Move,"Inform,Connect","Inform,Connect"
1002195486622535,"Inform,Connect",Connect,"Inform,Connect","Inform,Connect"
1264487560354633,"Donate,Inform",Donate,"Donate,Inform","Inform,Donate"
194585024567115,"Inform,Connect","Inform,Connect","Inform,Connect","Inform,Connect"
1566496046873420,"Inform,Move",Move,"Inform,Move","Move,Inform"
182542699072334,Inform,Inform,Inform,Inform
1039645122849615,"Inform,Move","Inform,Move",Inform,"Inform,Move"
1943989322335715,-,-,Inform,
1068928129911637,Inform,"Inform,Connect","Inform,Connect","Inform,Connect"
188779791978328,Commercial,Not Political,Commercial,Commercial
1786088208137050,Inform,Inform,Inform,Inform
1744517938957147,"Inform,Connect",Move,"Inform,Connect","Inform,Connect"
180604985944924,Inform,Inform,Inform,Inform
1930536537184943,Inform,Inform,Inform,Inform
1185980774875999,"Donate,Inform",Not Political,"Donate,Inform,Connect","Inform,Donate"
1651115858347874,"Inform,Move","Inform,Move","Inform,Connect","Inform,Move"
1346240095506298,"Inform,Move",Inform,Inform,Inform
117349932436324,Inform,"Inform,Move","Inform,Connect",Inform
1655534114563941,"Inform,Connect",Inform,Not Political,Inform
1860529140672362,"Inform,Connect",Connect,"Inform,Connect","Inform,Connect"
1349636695180140,"Inform,Connect",Move,"Inform,Connect","Inform,Connect"
184889975670418,"Inform,Connect",Connect,"Inform,Connect","Inform,Connect"
1549039188728686,Inform,Inform,Inform,Inform
1838123896257391,"Inform,Connect",Connect,Connect,Connect
179446259594098,Inform,Inform,Inform,Inform
1725802330822516,Commercial,"Commercial,Not Political","Inform,Connect",Commercial
179725939565431,"Inform,Connect",Connect,"Inform,Connect","Inform,Connect"
1281165932013432,"Donate,Inform",Donate,"Donate,Inform","Inform,Donate"
154147942124410,Inform,Inform,Inform,Inform
183139079042940,"Inform,Move","Inform,Move","Inform,Connect","Inform,Move"
1718417908247421,Inform,Inform,Inform,Inform
1946245748753278,Commercial,Not Political,"Inform,Not Political,Inform,Connect,Not Political","Inform,Not Political"
180967412592277,Inform,Inform,Not Political,Inform
1763060833729411,"Inform,Move",Inform,"Inform,Connect",Inform
1795347810551689,"Inform,Move",Inform,Inform,Inform
1571328126326666,"Inform,Connect",Connect,"Inform,Connect","Inform,Connect"
1045565888951179,-,-,Inform,
1881995002100625,Inform,Inform,Inform,Inform
188843511747476,Inform,"Connect,Move","Inform,Connect","Inform,Connect"
176483156396014,"Inform,Move",Move,"Inform,Move","Move,Inform"
192504171413326,Inform,Inform,Inform,Inform
163614214511940,Commercial,Not Political,"Inform,Connect",
1903404033283398,"Donate,Inform","Donate,Inform","Donate,Inform","Inform,Donate"
192347661589405,Inform,Inform,Inform,Inform
194858821173150,-,-,"Inform,Connect",
1922498254467910,Inform,Move,"Inform,Connect",Inform
189395965223842,"Inform,Connect",Connect,Not Political,Connect
194557174513573,Inform,Inform,Inform,Inform
161288321387430,"Inform,Move",Move,Inform,"Move,Inform"
1894604617287591,Inform,Inform,Inform,Inform
1812354785468330,Commercial,"Commercial,Not Political",Commercial,Commercial
1088201014669127,Inform,Inform,Not Political,Inform
1819954168299476,Inform,Connect,"Inform,Connect","Inform,Connect"
190751255080842,Inform,Not Political,Not Political,Not Political
173130203399091,"Inform,Connect","Connect,Move",Connect,Connect
1839853859385268,Inform,Inform,Not Political,Inform
1531547696955317,"Inform,Connect","Inform,Connect","Inform,Connect","Inform,Connect"
1650991365018550,Inform,Inform,Inform,Inform
137682000424887,"Inform,Move",Move,"Inform,Move","Move,Inform"
1819404408125371,Inform,Connect,Inform,Inform
1284562145013697,Inform,Move,"Inform,Connect",Inform
1789299881146308,"Donate,Inform",Donate,"Donate,Inform","Inform,Donate"
1757011514391493,Inform,Connect,"Inform,Connect","Inform,Connect"
1914870311899081,Inform,Inform,Inform,Inform
1635382929904587,Inform,Inform,Inform,Inform
1849891101758412,"Inform,Connect",Connect,"Inform,Connect","Inform,Connect"
172787813395647,Not Political,Not Political,Not Political,Not Political
1768984069849042,Inform,Connect,"Inform,Connect","Inform,Connect"
1725430000887764,Inform,Inform,Inform,Inform
187499572076501,Inform,Connect,Inform,Inform
1060573550759894,-,-,Inform,
1981634381870039,Inform,Inform,Inform,Inform
1035552859945097,Not Political,Commercial,Not Political,Not Political
157852468261028,Not Political,Not Political,Not Political,Not Political
1688983047883739,Inform,Inform,Not Political,Inform
1050975305067484,Inform,Inform,Not Political,Inform
1751920264875998,"Inform,Move",Move,"Inform,Move","Move,Inform"
175087913194463,Inform,Inform,"Inform,Connect",Inform
1739140699533280,Inform,Inform,Inform,Inform
181903415831524,Inform,Not Political,Inform,Inform
1639487836100581,Inform,Inform,Inform,Inform
1767894403288038,Commercial,Not Political,"Inform,Connect",
1006428076178769,"Inform,Connect",Move,"Inform,Connect","Inform,Connect"
1139705206170600,Inform,Inform,Inform,Inform
193066401394666,Inform,Move,"Inform,Connect",Inform
1887053324925331,-,"Inform,Connect","Inform,Connect","Inform,Connect"
1726159080793068,Inform,Inform,Not Political,Inform
174137470099794,Inform,"Inform,Connect",Inform,Inform
132453360962897,Commercial,Commercial,"Commercial,Not Political",Commercial
187049678632943,"Donate,Inform,Connect",Donate,"Donate,Inform,Connect","Inform,Connect,Donate"
1130138330474962,"Inform,Move",Connect,"Inform,Connect","Inform,Connect"
1803181319728296,Commercial,"Not Political,Inform,Commercial",Not Political,"Commercial,Not Political"
179061856116051,"Inform,Move",Move,"Inform,Move","Move,Inform"
189240201922548,Inform,"Inform,Not Political",Inform,Inform
188892245118204,Inform,Inform,Inform,Inform
1655343847915510,Inform,Not Political,"Inform,Connect",Inform
1282389598558201,Commercial,"Inform,Move","Inform,Not Political",Inform
1840593179332602,Inform,Inform,Inform,Inform
1226980370775893,Inform,Inform,Not Political,Inform
